timestamp,simple-path,time
2021-06-07 12:13:43.477,/master/welcome,213
2021-06-07 12:13:43.667,/master/welcome,137
2021-06-07 12:13:44.38,/master/sign-in,596
2021-06-07 12:13:45.625,/master/welcome,590
2021-06-07 12:13:47.188,/master/welcome,156
2021-06-07 12:13:47.889,/master/welcome,591
2021-06-07 12:13:48.139,/master/welcome,146
2021-06-07 12:13:48.31,/master/welcome,138
2021-06-07 12:13:49.01,/master/sign-in,590
2021-06-07 12:13:50.268,/master/welcome,589
2021-06-07 12:13:51.075,/authenticated/task/list,590
2021-06-07 12:13:52.781,/authenticated/task/show,585
2021-06-07 12:13:53.249,/master/welcome,158
2021-06-07 12:13:53.948,/master/welcome,592
2021-06-07 12:13:54.169,/master/welcome,143
2021-06-07 12:13:54.339,/master/welcome,139
2021-06-07 12:13:55.039,/master/sign-in,592
2021-06-07 12:13:56.301,/master/welcome,593
2021-06-07 12:13:57.096,/authenticated/task/list,580
2021-06-07 12:13:58.792,/authenticated/task/show,590
2021-06-07 12:13:59.246,/master/welcome,157
2021-06-07 12:13:59.947,/master/welcome,592
2021-06-07 12:14:00.165,/master/welcome,141
2021-06-07 12:14:00.339,/master/welcome,143
2021-06-07 12:14:01.037,/master/sign-in,593
2021-06-07 12:14:02.301,/master/welcome,594
2021-06-07 12:14:03.119,/authenticated/task/list,580
2021-06-07 12:14:04.845,/authenticated/task/show,592
2021-06-07 12:14:05.299,/master/welcome,157
2021-06-07 12:14:05.994,/master/welcome,584
2021-06-07 12:14:06.215,/master/welcome,142
2021-06-07 12:14:06.389,/master/welcome,142
2021-06-07 12:14:07.088,/master/sign-in,590
2021-06-07 12:14:08.35,/master/welcome,595
2021-06-07 12:14:09.159,/authenticated/task/list,590
2021-06-07 12:14:10.861,/authenticated/task/show,590
2021-06-07 12:14:11.313,/master/welcome,156
2021-06-07 12:14:12.03,/master/welcome,610
2021-06-07 12:14:12.262,/master/welcome,141
2021-06-07 12:14:12.435,/master/welcome,141
2021-06-07 12:14:13.131,/master/sign-in,589
2021-06-07 12:14:14.388,/master/welcome,588
2021-06-07 12:14:15.198,/authenticated/task/list,591
2021-06-07 12:14:16.918,/authenticated/task/show,591
2021-06-07 12:14:17.37,/master/welcome,156
2021-06-07 12:14:18.059,/master/welcome,581
2021-06-07 12:14:18.31,/master/welcome,175
2021-06-07 12:14:18.485,/master/welcome,143
2021-06-07 12:14:19.176,/master/sign-in,583
2021-06-07 12:14:20.439,/master/welcome,590
2021-06-07 12:14:21.244,/authenticated/task/list,589
2021-06-07 12:14:22.946,/authenticated/task/show,590
2021-06-07 12:14:23.392,/master/welcome,154
2021-06-07 12:14:24.091,/master/welcome,591
